{"title": "Psychology Experiment", "description": "this is the data from an experiment in which peole are asked to judge the size of the sequence of the square.  This data gives the average reaction time on the y axis and the size in mm5", "xVals": ["-18", "-15", "-12", "-9", "-6", "-3", "0", "3", "6", "9", "12", "15", "18"], "yVals": [1089.8704358068317, 1160.6395881006865, 1096.0255863539446, 1028.1525, 1055.2656603773585, 1089.0695389266818, 1040.935650887574, 951.1283697047497, 1062.5690492713393, 1138.3922294172062, 1108.0718171926007, 1051.105596620908, 1144.4988938053098], "xlabel": "Size Difference Between Squares (mm)", "ylabel": "Average Reaction Time (ms)", "All_sample": {"-18": [1089.8704358068317], "-15": [1160.6395881006865], "-12": [1096.0255863539446], "-9": [1028.1525], "-6": [1055.2656603773585], "-3": [1089.0695389266818], "0": [1040.935650887574], "3": [951.1283697047497], "6": [1062.5690492713393], "9": [1138.3922294172062], "12": [1108.0718171926007], "15": [1051.105596620908], "18": [1144.4988938053098]}}