{"title": "Price vs. Average Weekly Number of Sold Avocados", "description": "This is data on the average weekly num of avocados sold at different prices. Based on your experience, shopping for produce, ", "xVals": ["$1.15 - $1.20", "$1.20 - $1.25", "$1.25 - $1.30", "$1.30 - $1.35", "$1.35 - $1.40", "$1.40 - $1.45", "$1.45 - $1.50", "$1.50 - $1.55", "$1.55 - $1.60", "$1.60 - $1.65", "$1.65 - $1.70", "$1.70 - $1.75", "$1.75 - $1.80", "$1.80 - $1.85", "$1.85 - $1.90", "$1.90 - $1.95", "$1.95 - $2.00", "$2.00 - $2.05", "$2.05 - $2.10"], "yVals": [1619398.24, 1436663.15, 1233653.8642857145, 1228951.1033333335, 985571.7411111111, 899065.3469565217, 883800.691875, 1020216.709230769, 1109544.956, 924802.6306666668, 832972.7272727273, 917326.1410000001, 864282.4922222222, 1004946.6166666667, 1093383.13, 979102.4733333333, 1072029.8, 1084261.68, 1060765.275], "xlabel": "Price ($)", "ylabel": "Average Weekly Num of Sold Avocados", "All_sample": {"$1.50 - $1.55": [549787.59, 531478.24, 514112.96, 507830.81, 605197.12, 761972.65, 810018.27, 644584.67, 673446.69, 556368.86, 815859.49, 878367.41, 1103488.85, 1052088.77, 1033169.7, 1043428.53, 1007378.78, 1243940.09, 1217680.36, 1284018.65, 1675804.22, 1664234.88, 1634430.77, 1814929.97, 1384683.41, 1517332.7], "$1.40 - $1.45": [624300.31, 861671.11, 814484.79, 713120.0, 669528.88, 797042.27, 856795.63, 1012717.93, 1085152.56, 930722.39, 900644.79, 845011.63, 758795.1, 772077.2, 776964.55, 695341.42, 704100.5, 1387436.32, 1492167.41, 1060775.98, 953206.1, 975724.28, 990721.83], "$1.45 - $1.50": [584276.79, 647789.17, 872239.07, 682640.03, 783913.05, 730874.31, 612910.15, 948530.88, 1093287.79, 1073595.37, 1071066.66, 975275.55, 1023252.17, 738856.92, 1493331.28, 808971.88], "$1.60 - $1.65": [511347.26, 560830.54, 659947.03, 661842.02, 674551.02, 761675.87, 860320.59, 699763.35, 1018118.27, 1179930.12, 1119325.0, 1352960.47, 1190461.18, 1336979.09, 1283987.65], "$1.70 - $1.75": [518034.86, 557392.73, 666276.26, 863948.15, 790926.03, 957800.72, 1130374.7, 1173393.06, 1304554.29, 1210560.61], "$1.65 - $1.70": [519892.67, 670005.94, 638192.89, 646098.42, 640448.59, 897671.29, 808891.94, 871627.58, 919489.84, 1302205.55, 1248175.29], "$1.75 - $1.80": [501814.87, 515240.82, 593797.17, 644689.71, 967886.13, 1091590.78, 1214158.19, 1148354.84, 1101009.92], "$1.80 - $1.85": [552059.64, 1044591.43, 1068530.09, 1123703.61, 1180823.79, 1059971.14], "$1.55 - $1.60": [716942.71, 714266.31, 675907.97, 616177.0, 832767.55, 1012237.01, 946087.81, 1148617.16, 1397448.17, 1375125.12, 1394126.23, 1559967.2, 1459852.55, 1317000.47, 1476651.08], "$1.35 - $1.40": [912681.57, 740896.97, 1165715.01, 1022217.32, 852463.31, 828670.59, 1337596.89, 1015621.03, 994282.98], "$1.30 - $1.35": [914035.42, 1137940.78, 1634877.11], "$1.90 - $1.95": [647723.55, 1164140.49, 1125443.38], "$1.25 - $1.30": [1317867.0, 1475457.53, 1179603.03, 1045450.41, 1023655.87, 1012415.85, 1581127.36], "$1.85 - $1.90": [1172057.19, 1014709.07], "$1.95 - $2.00": [1072521.35, 1071538.25], "$2.00 - $2.05": [1074567.7, 1093955.66], "$2.05 - $2.10": [1075538.53, 1045992.02], "$1.15 - $1.20": [1619398.24], "$1.20 - $1.25": [1436663.15]}}
